,Soil Resistivity (Ohm-m),pH,Moisture Equivalent(%),Air pore space (%),Clay %,exposure time,Pipe Diameter (inches),Loss Oz/ft2
count,6612.0,6612.0,6612.0,6612.0,6612.0,6612.0,6612.0,6612.0
mean,58.6668557168784,6.09344827586207,27.0423260738052,15.208112522686026,33.807931034482756,7.275042347247429,2.2351724137931033,4.405340290381125
std,87.52063102001514,1.4597337516897273,13.428956094187198,13.327676485298953,21.036352315119736,4.083766314725583,0.7514546477659921,3.9056229305481414
min,0.46,2.44,2.51,0.87,0.41,0.8,1.19,0.1
25%,9.9375,4.7,17.8,5.4,15.8,4.0,1.5,1.9
50%,21.45,6.3,28.045,11.605,32.4,6.71,1.6549999999999998,3.3
75%,74.4,7.27,33.0,20.88,46.25,10.0,3.0,5.5
max,431.24,9.64,72.94,69.19,87.94,17.8,3.36,35.2
